{
  "auc": 0.8152852049910874,
  "pr_auc": 0.7431186463694047,
  "brier_score": 0.15835910397070624,
  "accuracy": 0.775,
  "precision": 0.6796875,
  "recall": 0.6397058823529411,
  "specificity": 0.8446969696969697,
  "f1_score": 0.6590909090909091,
  "confusion_matrix": [
    [
      223,
      41
    ],
    [
      49,
      87
    ]
  ],
  "threshold": 0.5
}